,Explainer,Selection strategy,fidelity_plus,fidelity_minus,characterization_score,AUFC_plus,AUFC_min
0,TGNNExplainer,-,0.22105263157894736,0.6947368421052632,0.3353901996370236,0.09183335833333334,0.40611585961538466
0,Greedy,random,0.105,0.925,0.18859223300970876,0.10266337709810874,0.9122282636229315
1,Greedy,temporal,0.3,0.895,0.4493723849372385,0.2907080250556251,0.8721265757092198
2,Greedy,spatio-temporal,0.385,0.88,0.5356521739130434,0.3726989644208038,0.851522699143026
3,Greedy,1-delta,0.28,0.895,0.4265531914893617,0.274198951444514,0.8784207721835788
0,CoDy,random,0.43,0.88,0.5777099236641221,0.40665337288678155,0.8229706832242225
1,CoDy,temporal,0.48,0.88,0.6211764705882353,0.457708120904603,0.8351576547190398
2,CoDy,spatio-temporal,0.525,0.855,0.6505434782608696,0.5049444380190784,0.8157403961879433
3,CoDy,1-delta,0.54,0.9,0.675,0.5202833419675236,0.8511235488111474
