,Explainer,Selection strategy,fidelity_plus,fidelity_minus,characterization_score,AUFC_plus,AUFC_min
0,TGNNExplainer,-,0.045,0.895,0.08569148936170214,0.013250025,0.6109212923187751
0,Greedy,random,0.05,0.565,0.09186991869918698,0.038024628571428576,0.5319683684107769
1,Greedy,temporal,0.095,0.765,0.1690116279069767,0.08107157857142856,0.7177083213578103
2,Greedy,spatio-temporal,0.135,0.82,0.23183246073298433,0.12009504107142857,0.7590156223723453
3,Greedy,1-delta,0.08,0.715,0.14389937106918238,0.06736071607142857,0.6702195801347864
0,CoDy,random,0.14,0.88,0.2415686274509804,0.11819918735521236,0.8205564913306294
1,CoDy,temporal,0.125,0.88,0.21890547263681592,0.10627562316602318,0.8256139752366195
2,CoDy,spatio-temporal,0.18,0.905,0.3002764976958526,0.15510808844380095,0.8447920419643223
3,CoDy,1-delta,0.16,0.88,0.27076923076923076,0.13838499816602318,0.816573559743891
