,Explainer,Selection strategy,fidelity_plus,fidelity_minus,sparsity,sparsity_all
0,CoDy,random,0.95,0.355,0.040492957746478875,0.04921875
1,CoDy,recent,0.955,0.39,0.04226762820512821,0.04401041666666666
2,CoDy,closest,0.955,0.25,0.0640625,0.04997395833333333
3,CoDy,1-best,0.96,0.415,0.038403614457831324,0.050703125
0,Greedy,random,0.965,0.075,0.03958333333333333,0.022890625
1,Greedy,recent,0.98,0.33,0.027698863636363636,0.03669270833333333
2,Greedy,closest,0.975,0.025,0.04375,0.021119791666666665
3,Greedy,1-best,0.98,0.345,0.024682971014492752,0.03356770833333333
0,TGNNExplainer,-,0.8256410256410256,0.2512820512820513,0.4578231292517006,0.3523196981390961
