,Explainer,Selection strategy,fidelity_plus,fidelity_minus,sparsity,sparsity_all
0,CoDy,random,0.68,0.11,0.08877840909090909,0.0753125
1,CoDy,recent,0.685,0.14,0.04575892857142857,0.06796875
2,CoDy,closest,0.645,0.085,0.17555147058823528,0.0725
3,CoDy,1-best,0.7,0.165,0.045928030303030304,0.07078125
0,Greedy,random,0.34,0.02,0.01953125,0.02703125
1,Greedy,recent,0.56,0.14,0.0546875,0.05484375
2,Greedy,closest,0.11,0.0,0.0,0.02171875
3,Greedy,1-best,0.67,0.105,0.034970238095238096,0.0596875
0,TGNNExplainer,-,0.82,0.095,0.49122807017543874,0.4328587848932677
