,Explainer,Selection strategy,fidelity_plus,fidelity_minus,sparsity,sparsity_all,characterization_score
0,CoDy,random,0.88,0.14,0.17302080460562605,0.07014718712186413,0.2415686274509804
1,CoDy,recent,0.88,0.125,0.16854681467181465,0.06409804722326488,0.21890547263681592
2,CoDy,closest,0.835,0.09,0.2285794723294723,0.06155021503739487,0.1624864864864865
3,CoDy,1-best,0.88,0.16,0.1516967302123552,0.07366390933168612,0.27076923076923076
0,Greedy,random,0.565,0.05,0.28325892857142854,0.04149482697377848,0.09186991869918698
1,Greedy,recent,0.765,0.095,0.1712875939849624,0.05753023603624951,0.1690116279069767
2,Greedy,closest,0.31,0.03,0.45126488095238093,0.041878421047185165,0.054705882352941174
3,Greedy,1-best,0.715,0.08,0.18582589285714285,0.05414913502373219,0.14389937106918238
0,TGNNExplainer,-,0.895,0.045,0.7555555555555556,0.3266107541982155,0.08569148936170214
