meta,fid_min,fid_pl
a,0.22105263157894736,0.6947368421052632
b,0.105,0.925
c,0.3,0.895
d,0.385,0.88
e,0.28,0.895
f,0.43,0.88
g,0.48,0.88
h,0.525,0.855
i,0.54,0.9
